Effect,fixef.JointRegFlo.
GenotypeDH_LL0013:Index,-3.69600982038917
GenotypeDH_LL0193:Index,-1.57485314613185
GenotypeDH_LL0251:Index,-1.50735647603129
GenotypeDH_LL0141:Index,-1.39139735442763
GenotypeDH_KE0523:Index,-1.27752564128291
GenotypeDH_KE0551:Index,-1.2431251047247
GenotypeDH_KE0160:Index,-0.938666825285046
GenotypeDH_PE0539,-0.892606179288575
GenotypeDH_KE0066:Index,-0.867927883750607
GenotypeDH_KE0716:Index,-0.862363204552132
GenotypeDH_PE0704,-0.85591575693461
GenotypeDH_PE0514:Index,-0.81520383060819
GenotypeDH_LL0018,-0.788662336158413
GenotypeDH_PE0463:Index,-0.785408933544784
GenotypeDH_PE0452,-0.780714379435804
GenotypeDH_KE0547:Index,-0.76696189584935
GenotypeDH_PE0626:Index,-0.763557639553799
GenotypeDH_KE0396:Index,-0.759028006114216
GenotypeDH_PE0025,-0.756115061683095
GenotypeDH_PE0047:Index,-0.745460509745617
GenotypeDH_KE0664:Index,-0.708421135875564
GenotypeDH_KE0281,-0.691130442110504
GenotypeDH_PE0423,-0.689270093291799
GenotypeDH_KE0566:Index,-0.689104180207349
GenotypeDH_KE0239,-0.681529887867804
GenotypeDH_KE0188,-0.680578526619302
GenotypeDH_KE0218:Index,-0.680121499836617
GenotypeDH_KE0274:Index,-0.676260910121325
GenotypeDH_PE0334:Index,-0.673680604489464
GenotypeDH_PE0657:Index,-0.665942995580007
GenotypeDH_KE0112:Index,-0.665942130749005
GenotypeDH_KE0451:Index,-0.660491985998832
GenotypeDH_KE0036:Index,-0.660283100458842
GenotypeDH_PE0386:Index,-0.659736177366247
GenotypeDH_PE0060,-0.649901284408391
GenotypeDH_PE0506,-0.645730341692057
GenotypeDH_PE0225:Index,-0.643999282897764
GenotypeF7,-0.643010129218672
GenotypeDH_KE0064,-0.642724594435737
GenotypeDH_KE0730:Index,-0.642211690499414
GenotypeDH_KE0734:Index,-0.640948661011351
GenotypeDH_PE0053:Index,-0.635858478185852
GenotypeDH_KE0507:Index,-0.634223916371605
GenotypeDH_KE0544:Index,-0.624635887815756
GenotypeDH_KE0441:Index,-0.62381917666903
GenotypeDH_KE0627:Index,-0.623439452853313
GenotypeDH_PE0349:Index,-0.614623698951825
GenotypeDH_PE0281:Index,-0.612381510287843
GenotypeDH_PE0312,-0.601897109969864
GenotypeDH_KE0175,-0.599388455550383
GenotypeDH_KE0048:Index,-0.590513508341306
GenotypeDH_PE0266:Index,-0.584932696308335
GenotypeDH_PE0221,-0.58468057339635
GenotypeDH_LL0135:Index,-0.577718030920246
GenotypeDH_PE0614:Index,-0.575492162720993
GenotypeDH_KE0412:Index,-0.574995640063683
GenotypeDH_KE0086,-0.573987601912533
GenotypeDH_KE0250:Index,-0.573059248712809
GenotypeDH_KE0617:Index,-0.572626961150297
GenotypeDH_PE0336:Index,-0.572274599405416
GenotypeDH_PE0263:Index,-0.565961787109779
GenotypeDH_PE0313,-0.559928002585338
GenotypeDH_PE0029:Index,-0.559780309459524
GenotypeDH_KE0076:Index,-0.559645503772115
GenotypeDH_KE0137,-0.551164400803632
GenotypeDH_KE0511:Index,-0.550332877797687
GenotypeDH_KE0395:Index,-0.548104254940451
GenotypeDH_PE0028:Index,-0.54605837927087
GenotypeDH_LL0154:Index,-0.546004261302831
GenotypeDH_PE0473:Index,-0.544132514513508
GenotypeDH_PE0324:Index,-0.54136476152561
GenotypeDH_KE0494:Index,-0.539683668619234
GenotypeDH_PE0555:Index,-0.53733285556129
GenotypeDH_KE0027,-0.537200676981667
GenotypeDH_KE0076,-0.536083847484166
GenotypeDH_KE0583,-0.534309311025336
GenotypeDH_PE0170:Index,-0.533894865498628
GenotypeDH_KE0237:Index,-0.532963684598732
GenotypeDH_KE0067:Index,-0.530559400087747
GenotypeDH_KE0343:Index,-0.527648067284033
GenotypeDH_KE0443:Index,-0.524525462765791
GenotypeDH_PE0332,-0.520055653165569
GenotypeDH_PE0469:Index,-0.516362083672149
GenotypeDH_PE0417:Index,-0.515617962172955
GenotypeDH_KE0015:Index,-0.515086477218748
GenotypeDH_KE0275:Index,-0.510537981477992
GenotypeDH_KE0062:Index,-0.507669087316691
GenotypeDH_KE0713:Index,-0.507435018915213
GenotypeDH_KE0483,-0.505421889319798
GenotypeDH_PE0339:Index,-0.5047682984469
GenotypeDH_KE0082:Index,-0.504486097973935
GenotypeDH_KE0398:Index,-0.503377169679959
GenotypeDH_KE0018:Index,-0.501910872944286
GenotypeDH_PE0035:Index,-0.501555031423407
GenotypeDH_KE0209:Index,-0.501103457892607
GenotypeDH_KE0196:Index,-0.499855411948416
GenotypeDH_PE0357:Index,-0.499304295936217
GenotypeDH_KE0235:Index,-0.498854251399149
GenotypeDH_PE0176:Index,-0.498213673983514
GenotypeDH_PE0420:Index,-0.497430795036726
GenotypeDH_PE0088:Index,-0.495277357125943
GenotypeDH_PE0477:Index,-0.493567528651015
GenotypeDH_KE0038:Index,-0.490670603028931
GenotypeDH_KE0474:Index,-0.490498491125229
GenotypeDH_KE0465:Index,-0.490050417399819
GenotypeDH_PE0406,-0.48687518058522
GenotypeDH_PE0168:Index,-0.486786194783573
GenotypeDH_KE0010:Index,-0.486254895375697
GenotypeDH_PE0485:Index,-0.482814291338627
GenotypeDH_KE0618:Index,-0.48181651672693
GenotypeDH_KE0097:Index,-0.481246180497064
GenotypeDH_KE0045:Index,-0.481194157927958
GenotypeDH_KE0604:Index,-0.480568050559583
GenotypeDH_KE0127:Index,-0.47987980669274
GenotypeDH_PE0373,-0.479766108899585
GenotypeDH_KE0521:Index,-0.479703722967564
GenotypeDH_PE0387:Index,-0.478194269138554
GenotypeDH_PE0355:Index,-0.478118363642556
GenotypeDH_KE0581:Index,-0.47661456074475
GenotypeDH_PE0279:Index,-0.475114671918381
GenotypeDH_KE0040,-0.474728508923609
GenotypeDH_KE0357:Index,-0.471008605302609
GenotypeDH_PE0704:Index,-0.469240643030663
GenotypeDH_KE0301:Index,-0.468520276544049
GenotypeDH_KE0707:Index,-0.466796932574478
GenotypeDH_KE0180:Index,-0.465914399418973
GenotypeDH_KE0612,-0.465444554955011
GenotypeDH_KE0146:Index,-0.464350667714843
GenotypeDH_PE0496:Index,-0.463684393667989
GenotypeDH_KE0692:Index,-0.458845873721741
GenotypeDH_KE0109,-0.458775960145341
GenotypeDH_KE0669:Index,-0.457136884368652
GenotypeDH_KE0020:Index,-0.456688962821476
GenotypeDH_PE0428:Index,-0.456346309105691
GenotypeDH_PE0276:Index,-0.455840448728926
GenotypeDH_PE0524:Index,-0.454770166204093
GenotypeDH_KE0124:Index,-0.454496495289834
GenotypeDH_KE0164,-0.45349585968587
GenotypeDH_PE0554:Index,-0.451618639462643
GenotypeDH_PE0457,-0.451520370619672
GenotypeDH_KE0134:Index,-0.451395971825635
GenotypeDH_PE0127:Index,-0.450083188386096
GenotypeDH_KE0135:Index,-0.44853210702773
GenotypeDH_KE0113:Index,-0.447981396606471
GenotypeDH_KE0567:Index,-0.446138131890359
GenotypeDH_PE0097,-0.443616834771361
GenotypeDH_KE0603:Index,-0.441251664062607
GenotypeDH_PE0198:Index,-0.441144762579467
GenotypeDH_PE0039:Index,-0.440554586325181
GenotypeDH_PE0101:Index,-0.439623234255719
GenotypeDH_PE0301:Index,-0.439029693134642
GenotypeDH_KE0803:Index,-0.437516914187932
GenotypeF03802:Index,-0.436099717684528
GenotypeDH_PE0041:Index,-0.434589154307927
GenotypeDH_KE0616:Index,-0.434011363401442
GenotypeDH_PE0347:Index,-0.433635318063273
GenotypeDH_LL0195:Index,-0.433550247296533
GenotypeDH_PE0202:Index,-0.431934546357986
GenotypeDH_KE0485:Index,-0.430494414425446
GenotypeDH_KE0114:Index,-0.429567581750079
GenotypeDH_KE0292:Index,-0.425283007216285
GenotypeDH_PE0484,-0.425250658801368
GenotypeDH_KE0289:Index,-0.424481885420273
GenotypeDH_KE0060,-0.423900218284612
GenotypeDH_PE0534:Index,-0.423370573187315
GenotypeDH_PE0434:Index,-0.420568125297311
GenotypeDH_PE0196:Index,-0.41795359103459
GenotypeDH_PE0526:Index,-0.417393581906079
GenotypeDH_PE0356:Index,-0.416261047013076
GenotypeDH_KE0582:Index,-0.41409939967981
GenotypeDH_PE0015:Index,-0.413839776388432
GenotypeDH_PE0323:Index,-0.413821953606183
GenotypeDH_PE0002:Index,-0.413228894987447
GenotypeDH_KE0635:Index,-0.412506861007084
GenotypeUH006,-0.409771540823423
GenotypeDH_KE0402:Index,-0.408526848344398
GenotypeDH_PE0376:Index,-0.40813869416736
GenotypeDH_KE0432:Index,-0.40744951499165
GenotypeDH_PE0359:Index,-0.404031311332284
GenotypeDH_KE0612:Index,-0.403991793364892
GenotypeDH_PE0246:Index,-0.403984510676601
GenotypeDH_PE0132:Index,-0.403158056799188
GenotypeDH_KE0014:Index,-0.40290826787106
GenotypeDH_KE0468:Index,-0.402253914856365
GenotypeEP44:Index,-0.402080937844374
GenotypeDH_PE0518:Index,-0.402065404862499
GenotypeDH_KE0270,-0.40001582408785
GenotypeDH_KE0458:Index,-0.398659750347572
GenotypeDH_KE0345:Index,-0.398597173052037
GenotypeDH_KE0030,-0.39793926239193
GenotypeDH_KE0311:Index,-0.3977913738081
GenotypeDH_KE0049:Index,-0.397741681168469
GenotypeDH_KE0346:Index,-0.397566056960204
GenotypeDH_PE0310:Index,-0.396922075356905
GenotypeDH_KE0323,-0.396503295588586
GenotypeDH_KE0159:Index,-0.396268427937473
GenotypeDH_PE0621:Index,-0.395496605885943
GenotypeDH_KE0561:Index,-0.394765776212972
GenotypeDH_PE0342:Index,-0.391837349652823
GenotypeDH_PE0426:Index,-0.391135970742808
GenotypeDH_KE0364:Index,-0.390924269675224
GenotypeDH_KE0191:Index,-0.386856984141697
GenotypeDH_KE0092,-0.386828444205172
GenotypeDH_PE0497,-0.38676982063764
GenotypeDH_PE0423:Index,-0.38641213545755
GenotypeDH_PE0323,-0.386135045356051
GenotypeDH_PE0508:Index,-0.385858752217379
GenotypeDH_PE0333:Index,-0.385300673528942
GenotypeDH_PE0353:Index,-0.384858391760119
GenotypeDH_PE0624:Index,-0.38340550288007
GenotypeDH_PE0580:Index,-0.383368648015183
GenotypeDH_PE0360:Index,-0.382103757406911
GenotypeDH_KE0454:Index,-0.38209624206533
GenotypeDH_KE0438:Index,-0.38144489759867
GenotypeDH_PE0505:Index,-0.38118926948249
GenotypeDH_KE0030:Index,-0.380343923670057
GenotypeDH_KE0563:Index,-0.380324933634036
GenotypeDH_KE0175:Index,-0.38025920713707
GenotypeDH_KE0222:Index,-0.379852259232215
GenotypeDH_PE0072:Index,-0.379076268612356
GenotypeDH_KE0152:Index,-0.379013852260613
GenotypeDH_PE0419:Index,-0.378514919548067
GenotypeDH_KE0078:Index,-0.37783085759581
GenotypeDH_KE0110:Index,-0.376758174569902
GenotypeDH_KE0597,-0.37501893050121
GenotypeDH_PE0362:Index,-0.373808927709901
GenotypeDH_PE0346,-0.37346332242914
GenotypeUH009,-0.373105446359638
GenotypeDH_LL0018:Index,-0.371503111594468
GenotypeDH_KE0024:Index,-0.371420950120963
GenotypeDH_PE0240:Index,-0.371005818655451
GenotypeDH_KE0675:Index,-0.370304633374294
GenotypeUH007,-0.369762825027692
GenotypeDH_PE0128:Index,-0.369045909722774
GenotypeDH_KE0517:Index,-0.368314481389956
GenotypeDH_KE0164:Index,-0.368037623428626
GenotypeDH_KE0173:Index,-0.367006916094524
GenotypeDH_KE0186,-0.366847603295492
GenotypeDH_LL0009:Index,-0.366747664197825
GenotypeDH_KE0287:Index,-0.366148025376405
GenotypeDH_PE0139:Index,-0.365973650575959
GenotypeDH_PE0418:Index,-0.36587869412307
GenotypeDH_PE0269:Index,-0.365350278054273
GenotypeDH_KE0424:Index,-0.365074178373882
GenotypeDH_KE0699:Index,-0.364818499558123
GenotypeDH_KE0364,-0.363273205469861
GenotypeDH_PE0621,-0.362629370596897
GenotypeDH_PE0239:Index,-0.362356488521994
GenotypeDH_KE0166:Index,-0.36169409752829
GenotypeDH_KE0538:Index,-0.360930845302648
GenotypeDH_KE0497:Index,-0.360909350995139
GenotypeDH_KE0288:Index,-0.360501496085378
GenotypeDH_PE0452:Index,-0.359954015386112
GenotypeDH_KE0106:Index,-0.359680986131592
GenotypeDH_KE0041:Index,-0.357576819396671
GenotypeDH_KE0719:Index,-0.357196240972749
GenotypeDH_KE0450:Index,-0.356137453916789
GenotypeDH_PE0393:Index,-0.353288448647961
GenotypeDH_PE0235,-0.352772973119577
GenotypeDH_PE0402:Index,-0.35222450274919
GenotypeDH_KE0093,-0.352132779544723
GenotypeDH_KE0140:Index,-0.352023922230654
GenotypeDH_KE0004:Index,-0.351370642672553
GenotypeDH_PE0020:Index,-0.351200572211719
GenotypeDH_KE0188:Index,-0.350788153189131
GenotypeDH_PE0270:Index,-0.350180443578802
GenotypeUH007:Index,-0.349053622102164
GenotypeDH_KE0149:Index,-0.348453470014702
GenotypeDH_KE0210:Index,-0.347733645270632
GenotypeDH_PE0271:Index,-0.346509867303205
GenotypeDH_KE0532:Index,-0.344310039225957
GenotypeDH_KE0631:Index,-0.343922282519236
GenotypeDH_KE0126:Index,-0.343614708610869
GenotypeDH_PE0470:Index,-0.342883620045073
GenotypeDH_PE0540:Index,-0.342794023438702
GenotypeDH_KE0221:Index,-0.341126892035628
GenotypeDH_LL0007,-0.341068195945652
GenotypeDH_KE0491:Index,-0.340760610720578
GenotypeDH_KE0455:Index,-0.340587952535813
GenotypeDH_PE0036:Index,-0.339149654611721
GenotypeDH_PE0012:Index,-0.338587465923931
GenotypeDH_PE0416:Index,-0.337248361372056
GenotypeDH_PE0019:Index,-0.337161033813937
GenotypeDH_KE0217:Index,-0.336940929064737
GenotypeDH_PE0478:Index,-0.335985254501304
GenotypeDH_PE0345:Index,-0.335488820540286
GenotypeDH_LL0166:Index,-0.33419099910021
GenotypeDH_KE0334,-0.333095642229132
GenotypeDH_KE0073:Index,-0.331916611433817
GenotypeDH_KE0285:Index,-0.331292994486201
GenotypeDH_KE0033:Index,-0.32983507516844
GenotypeDH_PE0549:Index,-0.329703323133796
GenotypeDH_PE0219:Index,-0.329686660127509
GenotypeDH_KE0589:Index,-0.328969937728616
GenotypeDH_KE0098:Index,-0.327291717316502
GenotypeDH_PE0352:Index,-0.326917656825555
GenotypeDH_PE0593:Index,-0.326772927657254
GenotypeDH_KE0486:Index,-0.32556617656513
GenotypeDH_KE0654:Index,-0.324335340146699
GenotypeDH_KE0094:Index,-0.323904770727463
GenotypeDH_PE0218:Index,-0.32336886246316
GenotypeDH_KE0399:Index,-0.323136183454813
GenotypeDH_KE0157:Index,-0.323117564204561
GenotypeDH_KE0281:Index,-0.322390107237258
GenotypeDH_KE0026:Index,-0.322263436870856
GenotypeDH_KE0096:Index,-0.322074214790894
GenotypeDH_KE0178:Index,-0.321681227353558
GenotypeDH_KE0195:Index,-0.320586100280523
GenotypeDH_KE0059:Index,-0.320475720712719
GenotypeDH_KE0469:Index,-0.318812823304361
GenotypeDH_KE0433:Index,-0.318769734092521
GenotypeDH_KE0093:Index,-0.318692982665234
GenotypeDH_PE0082,-0.318689844315002
GenotypeDH_PE0411:Index,-0.317787268149523
GenotypeDH_PE0511:Index,-0.317719088742218
GenotypeDH_KE0057:Index,-0.317103548611577
GenotypeDH_PE0005:Index,-0.317027051820624
GenotypeDH_KE0334:Index,-0.316442528717947
GenotypeDH_PE0056:Index,-0.316205275088663
GenotypeDH_PE0059:Index,-0.316044046950896
GenotypeDH_KE0492:Index,-0.315664477385732
GenotypeDH_KE0331:Index,-0.315625740349594
GenotypeDH_KE0109:Index,-0.31506808010167
GenotypeDH_KE0430:Index,-0.314854699427494
GenotypeDH_PE0231:Index,-0.314711133335661
GenotypeDH_KE0530:Index,-0.313194183158332
GenotypeDH_PE0450:Index,-0.31079511662817
GenotypeDH_PE0291:Index,-0.310508776317553
GenotypeDH_KE0535:Index,-0.310423421235025
GenotypeDH_KE0422:Index,-0.310336724312211
GenotypeDH_KE0103:Index,-0.309756772023385
GenotypeDH_PE0214:Index,-0.309024287645392
GenotypeDH_PE0384:Index,-0.307353307698015
GenotypeDH_PE0574:Index,-0.307224270330562
GenotypeDH_PE0388:Index,-0.306842428310089
GenotypeDH_KE0466:Index,-0.305877262972814
GenotypeDH_KE0130:Index,-0.305314736504527
GenotypeDH_KE0559:Index,-0.304052832702006
GenotypeDH_KE0556:Index,-0.304020154067401
GenotypeDH_KE0325:Index,-0.303690021019363
GenotypeDH_KE0314:Index,-0.303456989493498
GenotypeDH_PE0054:Index,-0.302870054419398
GenotypeDH_KE0633:Index,-0.302786670504824
GenotypeDH_KE0440:Index,-0.302778390731408
GenotypeDH_PE0228:Index,-0.302072601445975
GenotypeD152:Index,-0.301644151786892
GenotypeDH_PE0421:Index,-0.300877885221811
GenotypeDH_PE0081:Index,-0.30052210207072
GenotypeDH_PE0305:Index,-0.3000451831009
GenotypeDH_PE0546:Index,-0.29990827183105
GenotypeDH_KE0448:Index,-0.298987920089553
GenotypeDH_KE0373,-0.29803750485753
GenotypeDH_PE0275:Index,-0.297842267666543
GenotypeDH_KE0495:Index,-0.296923816161759
GenotypeDH_PE0002,-0.296865216743877
GenotypeDH_PE0311:Index,-0.295647285104263
GenotypeDH_KE0641:Index,-0.295571981215586
GenotypeDH_KE0137:Index,-0.29529568369586
GenotypeDH_PE0259:Index,-0.294955229056946
GenotypeDH_PE0149:Index,-0.294423947231108
GenotypeDH_LL0144:Index,-0.293950704436275
GenotypeDH_KE0724:Index,-0.293514431957901
GenotypeDH_PE0213:Index,-0.293439279985173
GenotypeDH_PE0116:Index,-0.293121377296468
GenotypeDH_PE0040:Index,-0.292424391028991
GenotypeDH_KE0703:Index,-0.291374506901368
GenotypeDH_KE0518:Index,-0.291202200817671
GenotypeDH_KE0163:Index,-0.290707110663875
GenotypeDH_PE0319:Index,-0.290188586298792
GenotypeDH_KE0086:Index,-0.289328356077773
GenotypeEP1:Index,-0.288436740248602
GenotypeDH_PE0612,-0.288426031644482
GenotypeDH_PE0328:Index,-0.288305863131489
GenotypeDH_PE0564:Index,-0.287816781617913
GenotypeDH_KE0662:Index,-0.286844791534867
GenotypeDH_PE0245:Index,-0.28670462627732
GenotypeDH_PE0268:Index,-0.286546261697692
GenotypeDH_PE0401:Index,-0.286427213422093
GenotypeDH_KE0437:Index,-0.286213624372561
GenotypeDH_KE0648:Index,-0.286044380551243
GenotypeDH_KE0142:Index,-0.285601686519096
GenotypeDH_KE0102:Index,-0.285211462627373
GenotypeDH_PE0529:Index,-0.284588322320091
GenotypeDH_PE0373:Index,-0.284427687813984
GenotypeDH_PE0199:Index,-0.284398550116183
GenotypeDH_PE0045,-0.283879743246166
GenotypeDH_PE0190:Index,-0.283636537246837
GenotypeDH_KE0100:Index,-0.283201017455234
GenotypeDH_KE0452:Index,-0.282624909634066
GenotypeDH_KE0597:Index,-0.282051625837404
GenotypeDH_KE0199:Index,-0.281922461044968
GenotypeDH_KE0285,-0.281602730594114
GenotypeDH_KE0574:Index,-0.28110599321678
GenotypeDH_KE0580:Index,-0.280103347838312
GenotypeDH_PE0429:Index,-0.279135469227369
GenotypeDH_PE0096:Index,-0.278984664506442
GenotypeDH_KE0543:Index,-0.278613923296698
GenotypeDH_PE0006:Index,-0.278407631841717
GenotypeDH_KE0480:Index,-0.278074099388742
GenotypeDH_KE0407:Index,-0.277021689838062
GenotypeDH_PE0506:Index,-0.276329797276187
GenotypeDH_KE0032:Index,-0.275308003440078
GenotypeDH_KE0520:Index,-0.274727171176454
GenotypeDH_KE0727:Index,-0.274476152107873
GenotypeDH_KE0608:Index,-0.27443422427465
GenotypeDH_KE0249:Index,-0.273878214321883
GenotypeDH_PE0425,-0.273550587187819
GenotypeDH_PE0395:Index,-0.27336037847171
GenotypeDH_PE0253:Index,-0.27313624860874
GenotypeDH_LL0098:Index,-0.272583037112735
GenotypeDH_LL0199:Index,-0.271851935862425
GenotypeDH_PE0001:Index,-0.269444062940759
GenotypeDH_PE0327:Index,-0.269040423429845
GenotypeDH_KE0254:Index,-0.268691402731194
GenotypeDH_PE0008:Index,-0.268141929133553
GenotypeDH_KE0012:Index,-0.267526777387025
GenotypeDH_KE0202:Index,-0.267450850448148
GenotypeDH_KE0590:Index,-0.267299363221046
GenotypeDH_PE0440:Index,-0.266113515391477
GenotypeDH_PE0444:Index,-0.265924322745219
GenotypeDH_PE0476:Index,-0.264142028551965
GenotypeDH_PE0419,-0.26400606329231
GenotypeD152,-0.263423784390104
GenotypeDH_PE0341:Index,-0.263129472447987
GenotypeDH_PE0447:Index,-0.261665938617629
GenotypeDH_PE0330:Index,-0.261618842834775
GenotypeDH_KE0138:Index,-0.260652844924494
GenotypeDH_KE0493,-0.260197277955799
GenotypeDH_KE0095:Index,-0.260063290863172
GenotypeDH_PE0375:Index,-0.259800555345793
GenotypeDH_KE0578:Index,-0.2596232975581
GenotypeDH_KE0265:Index,-0.25915013397479
GenotypeDH_PE0109:Index,-0.259007789699064
GenotypeDH_KE0656:Index,-0.258601084784679
GenotypeDH_KE0262:Index,-0.258498847277979
GenotypeDH_KE0213:Index,-0.257284278114866
GenotypeDH_PE0113:Index,-0.25717938247978
GenotypeDH_KE0280:Index,-0.257014183397567
GenotypeDH_PE0052:Index,-0.257004362473389
GenotypeDH_PE0498:Index,-0.256359186702406
GenotypeDH_KE0416:Index,-0.256269553017158
GenotypeDH_KE0439:Index,-0.25501225184595
GenotypeDH_KE0539:Index,-0.254685514944399
GenotypeDH_KE0453,-0.25394596371216
GenotypeDH_KE0182:Index,-0.25362417886538
GenotypeDH_KE0446:Index,-0.25347375790884
GenotypeDH_PE0448:Index,-0.253414384569376
GenotypeDH_KE0601:Index,-0.252908364354081
GenotypeDH_PE0069:Index,-0.25287036903695
GenotypeDH_KE0286:Index,-0.252860838717525
GenotypeDH_PE0018:Index,-0.252604553051389
GenotypeDH_KE0572:Index,-0.252292478042051
GenotypeDH_KE0189:Index,-0.25215946952172
GenotypeDH_KE0378:Index,-0.252147597265681
GenotypeDH_KE0277:Index,-0.251818897412236
GenotypeDH_KE0508:Index,-0.251147414213546
GenotypeDH_KE0410:Index,-0.251019278824269
GenotypeDH_KE0219:Index,-0.249649569682047
GenotypeDH_PE0486:Index,-0.249120836198416
GenotypeDH_PE0037:Index,-0.249108926808535
GenotypeDH_KE0074:Index,-0.24861143342529
GenotypeDH_PE0404:Index,-0.248584266267965
GenotypeDH_PE0351:Index,-0.247899737690284
GenotypeDH_KE0144,-0.247661263981116
GenotypeDH_PE0433:Index,-0.247549135851559
GenotypeDH_KE0310:Index,-0.246614599009106
GenotypeDH_PE0465,-0.246214229972011
GenotypeDH_KE0123:Index,-0.245716202911431
GenotypeDH_KE0171:Index,-0.244916143591189
GenotypeDH_KE0186:Index,-0.244784663040498
GenotypeDH_PE0221:Index,-0.244618246883311
GenotypeDH_PE0159:Index,-0.244574376840877
GenotypeDH_PE0055:Index,-0.244346460977588
GenotypeF03802,-0.24388809211031
GenotypeDH_PE0073:Index,-0.243632284087411
GenotypeDH_KE0034:Index,-0.243287683946154
GenotypeDH_KE0118:Index,-0.24296388174898
GenotypeDH_KE0431:Index,-0.242859992699775
GenotypeDH_PE0301,-0.242024974541052
GenotypeDH_PE0306:Index,-0.240872700581434
GenotypeDH_KE0670:Index,-0.240853280355212
GenotypeDH_PE0410:Index,-0.240251625391872
GenotypeDH_KE0283:Index,-0.23812658310493
GenotypeDH_KE0549:Index,-0.237511969771614
GenotypeDH_PE0141:Index,-0.237453449050212
GenotypeDH_KE0479:Index,-0.236395423985081
GenotypeDH_PE0023:Index,-0.236090879031552
GenotypeDH_KE0089:Index,-0.235900190187961
GenotypeDH_PE0651:Index,-0.235227059927139
GenotypeDH_PE0206:Index,-0.234522204565359
GenotypeDH_KE0017:Index,-0.234346520633163
GenotypeDH_PE0588:Index,-0.233802703262904
GenotypeDH_KE0678:Index,-0.233764657216808
GenotypeDH_PE0091:Index,-0.233269701038938
GenotypeDH_PE0102:Index,-0.232064796349652
GenotypeDH_PE0060:Index,-0.231369062371134
GenotypeDH_PE0424:Index,-0.231309422427527
GenotypeDH_KE0064:Index,-0.231255962393456
GenotypeDH_KE0373:Index,-0.23048126937893
GenotypeDH_KE0417:Index,-0.230088144227026
GenotypeDH_KE0542,-0.229388407470501
GenotypeDH_PE0173:Index,-0.229020748669767
GenotypeDH_KE0386:Index,-0.228287340245275
GenotypeDH_PE0131:Index,-0.22794146791114
GenotypeDH_KE0054:Index,-0.227366146334836
GenotypeDH_KE0072:Index,-0.227300967770929
GenotypeDH_PE0193:Index,-0.227119438517301
GenotypeDH_PE0236:Index,-0.226738365703849
GenotypeDH_KE0183:Index,-0.226095916927666
GenotypeDH_KE0244:Index,-0.226052448902448
GenotypeDH_KE0426:Index,-0.225546633724576
GenotypeDH_KE0139:Index,-0.224175297203043
GenotypeDH_PE0472:Index,-0.22366063426267
GenotypeDH_PE0157:Index,-0.223419320623555
GenotypeDH_PE0224:Index,-0.223292227681912
GenotypeDH_KE0061:Index,-0.221556976404706
GenotypeDH_KE0120:Index,-0.221418414854019
GenotypeDH_KE0487:Index,-0.220989095618441
GenotypeDH_KE0063:Index,-0.219412354357726
GenotypeDH_PE0405:Index,-0.219060129331591
GenotypeDH_PE0435:Index,-0.219055392551586
GenotypeDH_PE0303:Index,-0.218937228283418
GenotypeDH_PE0284:Index,-0.218764520433883
GenotypeDH_KE0367:Index,-0.218604056606543
GenotypeDH_KE0541:Index,-0.218037139184124
GenotypeDH_KE0080:Index,-0.217799960813338
GenotypeDH_KE0435,-0.216187072282996
GenotypeDH_PE0025:Index,-0.216145966934378
GenotypeDH_PE0560,-0.215954724396645
GenotypeDH_KE0075:Index,-0.21572128197939
GenotypeDH_KE0451,-0.215528341648189
GenotypeDH_PE0280:Index,-0.215040939978704
GenotypeDH_LL0007:Index,-0.214723538201032
GenotypeDH_PE0148:Index,-0.214350135918927
GenotypeDH_KE0467:Index,-0.214172336550706
GenotypeF2:Index,-0.21363494227733
GenotypeDH_KE0290,-0.212315608209091
GenotypeDH_KE0060:Index,-0.210672157034266
GenotypeDH_PE0425:Index,-0.209321340591729
GenotypeDH_PE0048:Index,-0.20931922669133
GenotypeDH_KE0650:Index,-0.207570413195892
GenotypeDH_KE0185:Index,-0.207355405412053
GenotypeDH_KE0490:Index,-0.206789922268177
GenotypeDH_PE0316:Index,-0.206775668706692
GenotypeDH_KE0102,-0.206750964010148
GenotypeDH_PE0550:Index,-0.206240626388891
GenotypeDH_PE0383:Index,-0.206045161991397
GenotypeDH_KE0628:Index,-0.204819206663731
GenotypeDH_PE0093,-0.20411565583505
GenotypeDH_PE0292:Index,-0.203842157952675
GenotypeDH_PE0165:Index,-0.203805779429187
GenotypeDH_KE0125:Index,-0.203786780490533
GenotypeDH_PE0212:Index,-0.203785118145413
GenotypeDH_KE0493:Index,-0.203418071744007
GenotypeDH_PE0402,-0.202022537320417
GenotypeDH_PE0543:Index,-0.199819682648327
GenotypeDH_PE0251:Index,-0.19886787876365
GenotypeDH_PE0138:Index,-0.198709771554346
GenotypeUH006:Index,-0.198667229011707
GenotypeDH_PE0429,-0.198476338623139
GenotypeDH_PE0083:Index,-0.19810064654337
GenotypeDH_PE0538:Index,-0.197649358948505
GenotypeDH_PE0021:Index,-0.197513127766
GenotypeDH_PE0351,-0.197264506244128
GenotypeDH_PE0464:Index,-0.196539145763283
GenotypeDH_PE0177:Index,-0.196489633329979
GenotypeDH_PE0130,-0.196208869828335
GenotypeDH_PE0507:Index,-0.195895913283873
GenotypeDH_LL0220:Index,-0.194741814221443
GenotypeDH_KE0403:Index,-0.19430242055239
GenotypeF283,-0.194246714859864
GenotypeDH_PE0496,-0.193564112536162
GenotypeDH_KE0081:Index,-0.193341738676328
GenotypeDH_KE0052:Index,-0.192871640589558
GenotypeDH_PE0283:Index,-0.192847492998863
GenotypeDH_KE0516:Index,-0.192832746155746
GenotypeDH_PE0147:Index,-0.192334543752036
GenotypeDH_KE0002:Index,-0.192235344741994
GenotypeDH_KE0031:Index,-0.192052522518746
GenotypeDH_PE0723:Index,-0.191677015425126
GenotypeDH_PE0392:Index,-0.191636086976921
GenotypeDH_PE0281,-0.191590621526514
GenotypeDH_PE0521,-0.191448287348802
GenotypeDH_KE0239:Index,-0.19120379590708
GenotypeDH_KE0227:Index,-0.189891049090253
GenotypeDH_KE0043:Index,-0.189718733294099
GenotypeDH_KE0144:Index,-0.189391542214199
GenotypeDH_KE0371:Index,-0.189138570355446
GenotypeDH_KE0234:Index,-0.189105631050523
GenotypeDH_PE0075:Index,-0.187873822040617
GenotypeDH_PE0070:Index,-0.187707781404734
GenotypeDH_KE0011:Index,-0.187583815606504
GenotypeDH_KE0514:Index,-0.187350338389887
GenotypeDH_PE0265:Index,-0.186945716005022
GenotypeDH_KE0363:Index,-0.186924948569885
GenotypeDH_PE0541:Index,-0.186807187369992
GenotypeDH_KE0370:Index,-0.186672154498272
GenotypeDH_KE0206:Index,-0.185969852471404
GenotypeDH_PE0155,-0.184945016411671
GenotypeDH_PE0450,-0.184335156582858
GenotypeDH_KE0116:Index,-0.183615610389777
GenotypeDH_KE0354:Index,-0.183294542852343
GenotypeDH_LL0154,-0.182495371935022
GenotypeDH_PE0338:Index,-0.182140840283198
GenotypeDH_PE0446:Index,-0.181048758011893
GenotypeDH_KE0571:Index,-0.180782552563329
GenotypeDH_PE0552:Index,-0.180321037526859
GenotypeDH_PE0400:Index,-0.180196556668718
GenotypeDH_KE0247:Index,-0.179011700554615
GenotypeDH_KE0472:Index,-0.178964597465848
GenotypeDH_PE0286:Index,-0.178728867010543
GenotypeDH_PE0278:Index,-0.178597157743398
GenotypeDH_PE0389:Index,-0.178476074433899
GenotypeDH_PE0558:Index,-0.178461109470713
GenotypeDH_PE0024:Index,-0.175975579538865
GenotypeDH_KE0141:Index,-0.174847466093655
GenotypeDH_PE0074:Index,-0.173703725604784
GenotypeDH_KE0204:Index,-0.172701014999448
GenotypeDH_PE0509:Index,-0.172647851186164
GenotypeDH_PE0183:Index,-0.171228737770863
GenotypeDH_KE0680:Index,-0.171212268139962
GenotypeDH_KE0107,-0.170815689257656
GenotypeDH_PE0377:Index,-0.170552679386557
GenotypeDH_PE0150:Index,-0.169597263554909
GenotypeDH_KE0150:Index,-0.168451023259037
GenotypeDH_KE0375:Index,-0.168077026414597
GenotypeDH_PE0504:Index,-0.167842711830656
GenotypeDH_KE0176:Index,-0.166768108129212
GenotypeDH_PE0050:Index,-0.166512781905997
GenotypeDH_KE0573:Index,-0.165637804519465
GenotypeDH_KE0509,-0.165214780625294
GenotypeDH_PE0466:Index,-0.165153090843519
GenotypeDH_KE0429:Index,-0.164969479019688
GenotypeDH_KE0481:Index,-0.164906293733799
GenotypeDH_PE0031:Index,-0.164824476804585
GenotypeEC49A:Index,-0.164800589701051
GenotypeDH_KE0542:Index,-0.164326094786587
GenotypeDH_PE0459:Index,-0.163973292446768
GenotypeDH_PE0560:Index,-0.163627720099987
GenotypeDH_PE0117:Index,-0.163207295439319
GenotypeDH_KE0028,-0.162809711096034
GenotypeDH_KE0006:Index,-0.162777789175968
GenotypeDH_PE0011:Index,-0.161424562436364
GenotypeDH_PE0415:Index,-0.160770118751984
GenotypeDH_KE0724,-0.160667607885143
GenotypeDH_KE0607:Index,-0.160521430954214
GenotypeDH_PE0319,-0.159376005677755
GenotypeDH_KE0557:Index,-0.159290446814715
GenotypeDH_PE0042:Index,-0.159082311525919
GenotypeDH_PE0520:Index,-0.158943933632553
GenotypeDH_KE0295,-0.158604290605385
GenotypeDH_LL0006:Index,-0.158375320391094
GenotypeDH_KE0259:Index,-0.158262106493708
GenotypeDH_PE0026:Index,-0.158189174524947
GenotypeDH_KE0323:Index,-0.157760975400349
GenotypeDH_PE0220:Index,-0.157759271633376
GenotypeDH_KE0560:Index,-0.157754589884633
GenotypeDH_PE0036,-0.157234934700844
GenotypeDH_KE0129:Index,-0.156624621802231
GenotypeDH_KE0290:Index,-0.156604873991671
GenotypeDH_KE0039:Index,-0.154874989328706
GenotypeDH_PE0030:Index,-0.154836900860526
GenotypeDH_PE0033:Index,-0.154234650920302
GenotypeDH_PE0555,-0.153300514092138
GenotypeDH_PE0468,-0.153142277195894
GenotypeDH_KE0436:Index,-0.15254056993325
GenotypeDH_KE0742:Index,-0.150352605516808
GenotypeDH_PE0216:Index,-0.150217092182681
GenotypeDH_PE0418,-0.149336611168549
GenotypeDH_KE0105:Index,-0.148711729574134
GenotypeDH_KE0291:Index,-0.148116676751251
GenotypeDH_PE0453:Index,-0.147826536393927
GenotypeDH_KE0602:Index,-0.147445740258078
GenotypeDH_KE0354,-0.146077182188529
GenotypeDH_PE0471:Index,-0.14530821232137
GenotypeDH_KE0104:Index,-0.144307819200913
GenotypeDH_KE0187:Index,-0.144227643178185
GenotypeDH_LL0051:Index,-0.14411889100136
GenotypeDH_KE0555:Index,-0.144115342696979
GenotypeDH_KE0639:Index,-0.143406872622397
GenotypeDH_KE0418:Index,-0.142875611586465
GenotypeDH_PE0277:Index,-0.142769643216897
GenotypeDH_PE0288:Index,-0.142616018573795
GenotypeDH_PE0093:Index,-0.140850758945954
GenotypeDH_PE0360,-0.140331756138322
GenotypeDH_KE0113,-0.139767261915969
GenotypeDH_PE0475:Index,-0.1397536668658
GenotypeF2,-0.13932665875489
GenotypeDH_PE0343,-0.139194904944069
GenotypeDH_PE0198,-0.139139445283518
GenotypeDH_KE0502:Index,-0.139127505668062
GenotypeDH_PE0095:Index,-0.138869964891165
GenotypeDH_KE0337:Index,-0.138829165014845
GenotypeDH_PE0287,-0.137642149154494
GenotypeDH_KE0278:Index,-0.13749722317757
GenotypeDH_KE0280,-0.137336403703355
GenotypeDH_KE0453:Index,-0.137112355794464
GenotypeDH_PE0466,-0.135320721300246
GenotypeDH_PE0433,-0.134522513513702
GenotypeDH_PE0422:Index,-0.134133121783554
GenotypeDH_PE0361:Index,-0.133818343126229
GenotypeDH_KE0098,-0.133541531725545
GenotypeDH_KE0085,-0.132790072587911
GenotypeDH_KE0005:Index,-0.132371773870369
GenotypeDH_PE0355,-0.131925625749229
GenotypeDH_KE0406:Index,-0.131622560600488
GenotypeDH_KE0318:Index,-0.130038802597561
GenotypeDH_KE0190:Index,-0.128515626783797
GenotypeDH_KE0379:Index,-0.128357513659991
GenotypeDH_KE0296:Index,-0.128290404132347
GenotypeDH_KE0266:Index,-0.128277654522129
GenotypeDH_KE0073,-0.127166478629235
GenotypeDH_PE0521:Index,-0.127042300595435
GenotypeDH_PE0155:Index,-0.126156040816907
GenotypeDH_KE0101:Index,-0.126068598344778
GenotypeDH_PE0674:Index,-0.125372368002952
GenotypeDH_KE0525:Index,-0.125362981602959
GenotypeDH_KE0298:Index,-0.124670060948297
GenotypeDH_PE0363:Index,-0.124564276782062
GenotypeDH_PE0191:Index,-0.124514450094307
GenotypeDH_KE0012,-0.124242348304576
GenotypeDH_PE0049:Index,-0.123745792946903
GenotypeDH_KE0237,-0.122751506391075
GenotypeDH_PE0650:Index,-0.122425599951945
GenotypeDH_KE0263:Index,-0.122330683299416
GenotypeDH_KE0294:Index,-0.122223199963424
GenotypeDH_PE0066,-0.122153874494546
GenotypeDH_PE0130:Index,-0.122089251314118
GenotypeDH_PE0092:Index,-0.121668598380344
GenotypeDH_KE0051:Index,-0.12049827358598
GenotypeDH_PE0298:Index,-0.12044766177874
GenotypeDH_PE0082:Index,-0.119710410548637
GenotypeDK105:Index,-0.119660264413234
GenotypeDH_LL0144,-0.117404874529677
GenotypeDH_PE0022:Index,-0.11681559074776
GenotypeDH_PE0237:Index,-0.116581842634344
GenotypeDH_PE0032:Index,-0.116397049151858
GenotypeDH_PE0290:Index,-0.116038103491103
GenotypeDH_KE0510,-0.11589076921865
GenotypeDH_KE0652:Index,-0.11549180321286
GenotypeDH_PE0195:Index,-0.114991491627485
GenotypeDH_KE0502,-0.114649141330205
GenotypeDH_PE0482:Index,-0.114245470012016
GenotypeDH_KE0153:Index,-0.114181526547173
GenotypeDH_PE0226:Index,-0.114125098724292
GenotypeDH_KE0197:Index,-0.114060487446725
GenotypeDH_PE0016:Index,-0.113642453149951
GenotypeDH_KE0552:Index,-0.113029187697889
GenotypeDH_KE0442:Index,-0.112161480696866
GenotypeDH_PE0206,-0.111950487348509
GenotypeDH_PE0612:Index,-0.11194872952281
GenotypeDH_PE0029,-0.111435841934744
GenotypeDH_PE0184,-0.110569785629051
GenotypeDH_PE0348:Index,-0.110523329588652
GenotypeDH_LL0117:Index,-0.110482378629807
GenotypeDH_KE0719,-0.110328257886269
GenotypeDH_PE0027:Index,-0.110231425410115
GenotypeDH_PE0553:Index,-0.110149868616725
GenotypeDH_PE0171:Index,-0.110036730679254
GenotypeDH_PE0216,-0.10979063196013
GenotypeDH_KE0005,-0.109740113566273
GenotypeDH_PE0167:Index,-0.109583839694531
GenotypeDH_PE0044:Index,-0.109217240726168
GenotypeDH_KE0462:Index,-0.107487614019269
GenotypeDH_PE0161:Index,-0.106122078298458
GenotypeDH_KE0194:Index,-0.104467992265014
GenotypeDH_PE0406:Index,-0.104086989549455
GenotypeDH_PE0257:Index,-0.102025401724441
GenotypeDH_KE0162:Index,-0.101941302819011
GenotypeDH_PE0126:Index,-0.101783756227716
GenotypeDH_PE0494:Index,-0.100761436285706
GenotypeDH_KE0371,-0.0991704270052808
GenotypeDH_KE0181:Index,-0.0990357448333171
GenotypeDH_KE0605,-0.097381430395494
GenotypeDH_PE0099:Index,-0.096994410841819
GenotypeDH_PE0045:Index,-0.0959457719748966
GenotypeF7:Index,-0.09566073419016
GenotypeDH_PE0014,-0.0956469074563701
GenotypeDH_KE0211:Index,-0.0954051707008477
GenotypeDH_PE0007,-0.0946445943975743
GenotypeDH_PE0178:Index,-0.0945148527038968
GenotypeDH_KE0248:Index,-0.0942641759995134
GenotypeDH_KE0267:Index,-0.0936735723403987
GenotypeDH_PE0104:Index,-0.0936526646016049
GenotypeDH_PE0146:Index,-0.0930772102451272
GenotypeDH_PE0717:Index,-0.091852484479997
GenotypeF283:Index,-0.0910353636405205
GenotypeDH_PE0136:Index,-0.0903336910020423
GenotypeDH_PE0085:Index,-0.0896129847167536
GenotypeDH_PE0037,-0.0894717615965726
GenotypeDH_KE0088:Index,-0.0893051394649802
GenotypeDH_KE0610:Index,-0.0878559957170656
GenotypeDH_PE0332:Index,-0.0878376441323972
GenotypeDH_KE0605:Index,-0.0867780019212465
GenotypeDH_KE0333:Index,-0.0863073933587193
GenotypeDH_KE0148:Index,-0.0861641759702188
GenotypeDH_PE0174:Index,-0.0858400243777069
GenotypeDH_KE0198:Index,-0.0857445211719112
GenotypeDH_KE0640:Index,-0.0854890596797962
GenotypeDH_KE0201:Index,-0.0854683726660212
GenotypeDH_PE0154:Index,-0.0852088550936253
GenotypeDH_PE0370:Index,-0.0841734274489285
GenotypeDH_KE0270:Index,-0.0837637228474144
GenotypeDH_PE0114:Index,-0.0832922788674587
GenotypeDH_KE0399,-0.0830647250429608
GenotypeDH_PE0634:Index,-0.0830126166041232
GenotypeDH_PE0098:Index,-0.0817944776824459
GenotypeDH_PE0158:Index,-0.0814032582524667
GenotypeDH_KE0027:Index,-0.0812955268138013
GenotypeDH_KE0518,-0.0793741394394514
GenotypeDH_PE0335:Index,-0.0782852614851422
GenotypeDH_KE0132:Index,-0.0774984114777829
GenotypeDH_KE0008:Index,-0.0770949063534634
GenotypeDH_KE0715:Index,-0.0770442159351809
GenotypeDH_PE0328,-0.0768818883014225
GenotypeDH_PE0532:Index,-0.0767750787570314
GenotypeDH_PE0273,-0.0754785016206179
GenotypeDH_KE0253:Index,-0.0744172839482008
GenotypeDH_KE0055:Index,-0.0743077410945789
GenotypeDH_PE0285:Index,-0.0739358567131342
GenotypeDH_PE0122:Index,-0.0738644641135617
GenotypeDH_PE0492:Index,-0.0735598085849128
GenotypeDH_PE0320:Index,-0.073407228460897
GenotypeDH_PE0273:Index,-0.0726436813669273
GenotypeDH_PE0519:Index,-0.0726014145750077
GenotypeDH_PE0076:Index,-0.0723140837423423
GenotypeDH_KE0512:Index,-0.0722149874918375
GenotypeDH_KE0482:Index,-0.071579710425069
GenotypeDH_PE0247:Index,-0.07143809536534
GenotypeDH_PE0230:Index,-0.0710514559219868
GenotypeDH_PE0260:Index,-0.070791015596225
GenotypeDH_KE0193:Index,-0.0702981659038244
GenotypeDH_PE0121:Index,-0.069489305934044
GenotypeDH_PE0659:Index,-0.0689780814884264
GenotypeDH_KE0478:Index,-0.0686541358161434
GenotypeDH_PE0066:Index,-0.0679465251606008
GenotypeDH_KE0579:Index,-0.0678983323675623
GenotypeDH_PE0152:Index,-0.066910581299345
GenotypeDH_PE0106:Index,-0.0667301768472678
GenotypeDH_KE0215:Index,-0.0665680632719418
GenotypeDH_PE0413:Index,-0.0654775399379169
GenotypeDH_PE0336,-0.0649656074396506
GenotypeDH_PE0084:Index,-0.0647147791742814
GenotypeDH_PE0378:Index,-0.064060933645038
GenotypeDH_KE0177:Index,-0.0637994950487467
GenotypeDH_KE0269:Index,-0.0636109966443596
GenotypeDH_KE0413:Index,-0.0627157119114427
GenotypeDH_LL0009,-0.0620849599137329
GenotypeDH_PE0313:Index,-0.061314173966305
GenotypeDH_KE0473:Index,-0.0612650960760832
GenotypeDH_PE0282:Index,-0.0602681917433784
GenotypeDH_PE0056,-0.0596197045676372
GenotypeDH_PE0090:Index,-0.0583418243235283
GenotypeDH_KE0161:Index,-0.0577605534997457
GenotypeDH_PE0288,-0.0574707401866579
GenotypeDH_PE0080:Index,-0.0547638744111418
GenotypeDH_PE0414:Index,-0.054731737031991
GenotypeDH_PE0299:Index,-0.0537344552436541
GenotypeDH_PE0346:Index,-0.0535275861157505
GenotypeDH_PE0097:Index,-0.0530975829715238
GenotypeDH_PE0113,-0.0526449581781181
GenotypeDH_KE0242:Index,-0.0521576395417218
GenotypeDH_LL0117,-0.0519794547489457
GenotypeDH_KE0558:Index,-0.050420762703474
GenotypeDH_KE0657:Index,-0.0495044676901999
GenotypeDH_KE0046:Index,-0.0494206206866156
GenotypeDH_KE0444:Index,-0.0489502371513152
GenotypeDH_PE0014:Index,-0.0486894609405958
GenotypeDH_KE0621:Index,-0.0474550996239012
GenotypeDH_PE0371:Index,-0.0470714856809852
GenotypeDH_KE0435:Index,-0.0466334567675886
GenotypeDH_KE0606:Index,-0.0465654997379063
GenotypeDH_PE0717,-0.0454205863752909
GenotypeDH_KE0035:Index,-0.0451590280252201
GenotypeDH_PE0580,-0.0442144948894546
GenotypeDH_PE0427:Index,-0.0438082447225117
GenotypeDH_KE0509:Index,-0.0432844868631371
GenotypeDH_KE0244,-0.043263721034717
GenotypeDH_KE0096,-0.0426013696865279
GenotypeDH_KE0459:Index,-0.0425953712931392
GenotypeDH_KE0246:Index,-0.0418747851283201
GenotypeDH_PE0040,-0.0415535567724067
GenotypeCH10:Index,-0.0413115580477891
GenotypeDH_PE0257,-0.041292276110337
GenotypeDH_PE0058:Index,-0.0397748403446463
GenotypeDH_KE0413,-0.039520485122128
GenotypeDH_KE0065:Index,-0.0390771957229543
GenotypeDH_PE0235:Index,-0.0389357375217074
GenotypeDH_KE0286,-0.0382650941359037
GenotypeDH_KE0304:Index,-0.0381681788409284
GenotypeDH_KE0282:Index,-0.0374190743231162
GenotypeDH_KE0025:Index,-0.0372204323361578
GenotypeDH_KE0338:Index,-0.0367692942987517
GenotypeDH_PE0115:Index,-0.0364777382338884
GenotypeDH_PE0279,-0.0339678383331871
GenotypeDH_PE0370,-0.0306637435209354
GenotypeDH_KE0041,-0.0301603233778568
GenotypeDH_PE0706:Index,-0.0301039005102659
GenotypeDH_LL0095,-0.0265006605126192
GenotypeDH_KE0275,-0.0258474733477693
GenotypeDH_PE0007:Index,-0.0247421077409116
GenotypeDH_PE0306,-0.0242898462227063
GenotypeDH_PE0564,-0.0232546621989033
GenotypeDH_PE0274:Index,-0.0227266088302726
GenotypeDH_KE0725:Index,-0.0218706380008869
GenotypeDH_KE0642,-0.0218122816559784
GenotypeDH_KE0464:Index,-0.0204325889341643
GenotypeDH_PE0179,-0.0193806896729377
GenotypeDH_KE0084:Index,-0.0176430241394138
GenotypeDH_KE0498:Index,-0.0175700715165343
GenotypeDH_KE0345,-0.0173624618871517
GenotypeDH_LL0090:Index,-0.0169230773557012
GenotypeDH_KE0241:Index,-0.0157907260239727
GenotypeDH_PE0139,-0.0157300839961334
GenotypeDH_PE0197:Index,-0.0141404028310524
GenotypeDH_KE0428:Index,-0.0132715471226591
GenotypeDH_KE0040:Index,-0.0131552917033032
GenotypeDH_KE0145:Index,-0.0123005185821403
GenotypeDH_KE0212:Index,-0.0121521925021626
GenotypeDH_PE0063:Index,-0.0121320915425828
GenotypeDH_PE0465:Index,-0.0119309649403117
GenotypeDH_PE0549,-0.0115107865069185
GenotypeDH_PE0125:Index,-0.0102106387125056
GenotypeDH_KE0095,-0.0100375378630007
GenotypeDH_PE0405,-0.0098008429293473
GenotypeDH_KE0516,-0.0097276819858896
GenotypeDH_PE0385:Index,-0.00923512816232221
GenotypeDH_LL0095:Index,-0.00822215401863591
GenotypeDH_PE0497:Index,-0.00812672469822844
GenotypeDH_KE0512,-0.00812312399425163
GenotypeDH_PE0457:Index,-0.00789832289063715
GenotypeDH_PE0312:Index,-0.0077793756405533
GenotypeDH_PE0164:Index,-0.00685875503788093
GenotypeDH_PE0384,-0.00660711722388049
GenotypeDH_PE0528:Index,-0.00600342365080408
GenotypeDH_KE0425:Index,-0.00570429608554866
GenotypeDH_KE0576:Index,-0.0055559301013945
GenotypeDH_KE0501:Index,-0.00523323091300916
GenotypeDH_KE0214:Index,-0.00484607925025406
GenotypeDH_KE0053:Index,-0.0040345908234696
GenotypeDH_KE0437,-0.00314616915043258
GenotypeDH_KE0108:Index,-0.0026265598421327
GenotypeDH_KE0119,-2.14484315895992e-04
GenotypeDH_PE0110:Index,1.65059384356941e-04
GenotypeDH_PE0077:Index,0.00195556613331382
GenotypeDH_KE0245:Index,0.00235334041765802
GenotypeDH_PE0295:Index,0.00427435738247894
GenotypeDH_PE0513:Index,0.00460581584457181
GenotypeDH_PE0067:Index,0.00514341425866326
GenotypeDH_PE0064:Index,0.00600395270632409
GenotypeDH_KE0414:Index,0.00622563029822071
GenotypeDH_KE0349:Index,0.00631616966100634
GenotypeDH_KE0406,0.00676172437623583
GenotypeDH_KE0548:Index,0.00689561724280258
GenotypeDH_PE0377,0.00786565662499049
GenotypeDH_PE0294:Index,0.00860720666961419
GenotypeDH_PE0372:Index,0.00889882780055619
GenotypeDH_PE0479:Index,0.00961313753397434
GenotypeDH_KE0058,0.00977140739571084
GenotypeDH_PE0484:Index,0.00983183569391371
GenotypeDH_KE0050:Index,0.012053137332356
GenotypeDH_KE0037:Index,0.0138030544695779
GenotypeDH_KE0533:Index,0.0161452100151091
GenotypeDH_PE0017:Index,0.0163117708608847
GenotypeDH_PE0026,0.0166931474546926
GenotypeDH_PE0208:Index,0.018763756538492
GenotypeDH_KE0481,0.0195273020303101
GenotypeDH_PE0488:Index,0.019582359104918
GenotypeDH_KE0721:Index,0.0211116016773763
GenotypeDH_PE0064,0.0215228627344255
GenotypeDH_PE0078:Index,0.0257449741191835
GenotypeDH_KE0583:Index,0.0262578034223931
GenotypeDH_PE0674,0.0264097409767225
GenotypeDH_KE0145,0.0285419486576243
GenotypeDH_PE0374:Index,0.0286944617552056
GenotypeDH_KE0586:Index,0.0306007116501038
GenotypeDH_PE0415,0.0308542277471474
GenotypeDH_PE0010:Index,0.0314569546896888
GenotypeDH_KE0058:Index,0.0324962575415694
GenotypeDH_PE0083,0.0326714593016912
GenotypeDH_KE0489:Index,0.0326728668634918
GenotypeDH_PE0177,0.0353557258883991
GenotypeDH_KE0085:Index,0.038503197098524
GenotypeDH_KE0042:Index,0.0392772480262926
GenotypeDH_KE0288,0.0405947559713331
GenotypeDH_KE0385:Index,0.0427771542256982
GenotypeDH_KE0231:Index,0.0432369540492015
GenotypeDH_KE0133:Index,0.0439304732002869
GenotypeDH_PE0003:Index,0.0453482528740628
GenotypeDH_KE0032,0.0454158294007127
GenotypeDH_KE0483:Index,0.0470641656885256
GenotypeDH_PE0068:Index,0.0489196401266758
GenotypeDH_KE0047:Index,0.0490374867393946
GenotypeDH_KE0461:Index,0.0504301129343968
GenotypeDH_PE0723,0.0505628104673883
GenotypeDH_PE0171,0.0511224640483907
GenotypeDH_PE0308,0.0523187128008643
GenotypeDH_KE0445:Index,0.0528060863854352
GenotypeDH_PE0165,0.0535530527315125
GenotypeDH_KE0476,0.0540786788852686
GenotypeDH_PE0401,0.0549248690324933
GenotypeDH_KE0067,0.0567832337473927
GenotypeDH_KE0007:Index,0.0568814271243078
GenotypeDH_KE0272:Index,0.058096209256007
GenotypeDH_PE0475,0.0582796313625765
GenotypeDH_KE0421:Index,0.0588178350243374
GenotypeDH_PE0223:Index,0.0600967917861166
GenotypeDH_KE0168,0.0610628594950352
GenotypeDH_KE0200:Index,0.0618803693260503
GenotypeDH_KE0099:Index,0.0624504247641997
GenotypeDH_KE0510:Index,0.0624857831363369
GenotypeDH_KE0382:Index,0.0634085475816169
GenotypeDH_KE0151:Index,0.0638964162308367
GenotypeDH_KE0478,0.0646819557024071
GenotypeDH_LL0128,0.0652016559146403
GenotypeDH_LL0012:Index,0.0655286688044883
GenotypeDH_KE0482,0.0660100081440849
GenotypeDH_KE0630:Index,0.0673708687573304
GenotypeDH_KE0553:Index,0.0679143273649368
GenotypeDH_PE0156:Index,0.0731020925060922
GenotypeDH_KE0703,0.0741194371474303
GenotypeDH_KE0506:Index,0.0761470859750612
GenotypeDH_KE0057,0.0764811062994658
GenotypeDH_KE0170:Index,0.0770224068661625
GenotypeDH_KE0310,0.0812533791450469
GenotypeDH_PE0034:Index,0.0813091911034169
GenotypeDH_KE0092:Index,0.0830264981629193
GenotypeDH_KE0539,0.0843963587684519
GenotypeDH_KE0301,0.084499868972299
GenotypeDH_PE0087:Index,0.0865394918571445
GenotypeDH_PE0598:Index,0.0871193771401428
GenotypeDH_PE0058,0.0897696250836557
GenotypeDH_PE0196,0.0900971269344091
GenotypeDH_PE0100:Index,0.0916982214635793
GenotypeDH_PE0712:Index,0.0939661253108193
GenotypeDH_PE0023,0.0941573976589299
GenotypeDH_KE0663:Index,0.0943843675011738
GenotypeDH_PE0197,0.0959349995741084
GenotypeDH_PE0558,0.0966084991831544
GenotypeDH_KE0003:Index,0.0969710059104196
GenotypeDH_PE0485,0.0974941401471564
GenotypeDH_PE0422,0.0978789227501755
GenotypeDH_KE0353:Index,0.0980576868169935
GenotypeDH_KE0130,0.0992363465514033
GenotypeDH_KE0165:Index,0.100065801407838
GenotypeDH_KE0495,0.101621779594058
GenotypeDH_KE0555,0.102075730049057
GenotypeDH_KE0476:Index,0.102691579177537
GenotypeDH_KE0490,0.105767409306504
GenotypeDH_PE0260,0.106761978249878
GenotypeDH_KE0525,0.108906429342086
GenotypeDH_KE0001:Index,0.110255160707377
GenotypeDH_KE0028:Index,0.113337786409591
GenotypeDH_KE0585:Index,0.114739580733344
GenotypeDH_KE0569:Index,0.114865177289381
GenotypeDH_PE0324,0.116723905050295
GenotypeDH_PE0244,0.117674594471979
GenotypeDH_PE0427,0.119175139434006
GenotypeDH_KE0143:Index,0.119229284787194
GenotypeDH_PE0204,0.119466777973265
GenotypeDH_PE0192:Index,0.119923283793403
GenotypeDH_PE0297:Index,0.120095383044475
GenotypeDH_PE0247,0.120832174413398
GenotypeDH_KE0460,0.121147029383456
GenotypeDH_KE0259,0.121423730316027
GenotypeDH_KE0043,0.121632814057289
GenotypeDH_KE0249,0.122152130543932
GenotypeDH_PE0486,0.122626604650484
GenotypeDH_KE0177,0.123230748415756
GenotypeDH_KE0403,0.124172866884222
GenotypeDH_KE0136:Index,0.125289452792986
GenotypeDH_LL0166,0.126516925031952
GenotypeDH_KE0429,0.126760596955215
GenotypeDH_PE0528,0.128040568682188
GenotypeDH_KE0198,0.128040932871448
GenotypeDH_PE0140:Index,0.129210368346943
GenotypeDH_PE0430,0.129562067416503
GenotypeDH_PE0024,0.130241268793105
GenotypeDH_KE0650,0.130245969822163
GenotypeDH_PE0411,0.13066672250018
GenotypeDH_KE0386,0.132935772037119
GenotypeDH_PE0184:Index,0.133571686172977
GenotypeDH_PE0071:Index,0.133921744207745
GenotypeDH_PE0505,0.134150806445877
GenotypeDH_PE0492,0.135581371671175
GenotypeDH_PE0403,0.135664030479442
GenotypeDH_PE0519,0.13613983951907
GenotypeDH_KE0573,0.137672934530801
GenotypeDH_KE0082,0.138447395382168
GenotypeDH_KE0577:Index,0.139216025194965
GenotypeDH_KE0217,0.139794145449003
GenotypeDH_KE0168:Index,0.139955814760235
GenotypeDH_PE0283,0.140203939772534
GenotypeDH_PE0123:Index,0.140316866148505
GenotypeDH_PE0129:Index,0.142444416215667
GenotypeDH_KE0059,0.143571845234129
GenotypeDH_KE0201,0.144007251565417
GenotypeDH_PE0179:Index,0.144174610600455
GenotypeDH_LL0128:Index,0.14535598896614
GenotypeDH_KE0587:Index,0.146849320949753
GenotypeDH_PE0256:Index,0.147448973572704
GenotypeDH_KE0119:Index,0.148492496334051
GenotypeDH_KE0434:Index,0.149948481045791
GenotypeDH_PE0263,0.151784861455282
GenotypeDH_KE0635,0.152942085548431
GenotypeDH_KE0227,0.15831953914044
GenotypeDH_PE0554,0.158868913419918
GenotypeDH_LL0092:Index,0.158903156264936
GenotypeDH_PE0054,0.15908522441638
GenotypeDH_PE0134:Index,0.159557539172221
GenotypeDH_PE0287:Index,0.160040814124014
GenotypeDH_KE0558,0.162922055309933
GenotypeDH_KE0713,0.163032437159332
GenotypeDH_KE0091:Index,0.165770882447784
GenotypeDH_KE0090:Index,0.165883314881068
GenotypeDH_KE0474,0.166046862990164
GenotypeDH_KE0206,0.168226812403797
GenotypeDH_KE0199,0.168823990276545
GenotypeDH_KE0061,0.168869543610124
GenotypeDH_PE0550,0.172372261505915
GenotypeDH_PE0244:Index,0.173403222372121
GenotypeDH_KE0479,0.175923653317483
GenotypeDH_KE0133,0.177385148904385
GenotypeDH_PE0706,0.178639632323476
GenotypeDH_KE0107:Index,0.17945356352328
GenotypeDH_PE0539:Index,0.179804201074174
GenotypeDH_KE0606,0.180150701749592
GenotypeDH_PE0170,0.18245317728758
GenotypeDH_PE0149,0.183159085552824
GenotypeDH_PE0117,0.183750348699185
GenotypeDH_LL0050:Index,0.184575197064389
GenotypeDH_KE0382,0.187688629848359
GenotypeDH_KE0433,0.187867782031113
GenotypeDH_PE0013:Index,0.189580968028437
GenotypeDH_KE0205,0.190068245777929
GenotypeDH_PE0019,0.191089085631764
GenotypeDH_KE0083:Index,0.192838449841088
GenotypeDH_KE0072,0.19370939405896
GenotypeDH_KE0308:Index,0.198972634781784
GenotypeDH_PE0478,0.199381130655475
GenotypeF64:Index,0.199984675401356
GenotypeDH_KE0079:Index,0.20105324809155
GenotypeDH_KE0662,0.201656513787503
GenotypeDH_PE0435,0.202075075930217
GenotypeDH_PE0292,0.20239227313582
GenotypeDH_PE0363,0.206923881048772
GenotypeDH_PE0270,0.207168052141543
GenotypeDH_KE0579,0.208337579981258
GenotypeDH_PE0084,0.209745191674671
GenotypeDH_PE0460:Index,0.210963118593081
GenotypeDH_KE0618,0.212326801874342
GenotypeDH_PE0538,0.214670468128821
GenotypeDH_KE0034,0.215200973761568
GenotypeDH_KE0212,0.219485071782538
GenotypeDH_KE0803,0.219750239924161
GenotypeDH_KE0318,0.220300050231814
GenotypeDH_PE0624,0.220768624426951
GenotypeDH_PE0246,0.221095774948243
GenotypeDH_KE0295:Index,0.221562203748874
GenotypeDH_KE0269,0.224338926507236
GenotypeDH_KE0725,0.224850859408197
GenotypeDH_KE0581,0.224898990339242
GenotypeDH_PE0204:Index,0.226650518689362
GenotypeDH_KE0727,0.226740436509243
GenotypeDH_PE0553,0.227359285949776
GenotypeDH_KE0071,0.228177057718651
GenotypeDH_PE0556:Index,0.228261587557537
GenotypeDH_KE0457:Index,0.229182003514405
GenotypeDH_KE0185,0.229718315758782
GenotypeDH_PE0471,0.230523597870875
GenotypeDH_KE0454,0.232340708086213
GenotypeDH_KE0001,0.232785829072011
GenotypeDH_PE0634,0.238022864081266
GenotypeDH_KE0176,0.238278781415856
GenotypeDH_KE0559,0.240869016392471
GenotypeDH_KE0003,0.242653735219192
GenotypeDH_KE0052,0.244138149348769
GenotypeDH_PE0259,0.244758162602962
GenotypeDH_PE0511,0.245914959784484
GenotypeDH_PE0338,0.246849207438435
GenotypeDH_PE0077,0.247133788722861
GenotypeDH_PE0356,0.247150079208603
GenotypeDH_KE0628,0.247733545552444
GenotypeDH_PE0148,0.248327509854002
GenotypeDH_PE0494,0.249308330459226
GenotypeDH_KE0051,0.253357139684308
GenotypeDH_PE0126,0.253898077844282
GenotypeDH_KE0639,0.255910566376148
GenotypeDH_KE0150,0.256474581345751
GenotypeDH_PE0140,0.257056149772874
GenotypeDH_KE0602,0.257227919306257
GenotypeDH_PE0413,0.257586439854397
GenotypeDH_KE0613:Index,0.258085640048412
GenotypeDH_LL0098,0.25899028342059
GenotypeDH_KE0195,0.259906241709879
GenotypeDH_PE0353,0.261513392223615
GenotypeDH_LL0013,0.262576333562898
GenotypeDH_KE0110,0.263626906140086
GenotypeDH_PE0041,0.263916100646428
GenotypeDH_PE0403:Index,0.266070266761834
GenotypeDH_PE0100,0.266088711986797
GenotypeDH_KE0564:Index,0.267640823155129
GenotypeDH_KE0266,0.268418995339451
GenotypeDH_PE0017,0.268663769597267
GenotypeDH_KE0535,0.270633818448535
GenotypeDH_PE0468:Index,0.272483471175025
GenotypeDH_KE0586,0.272695824228254
GenotypeDH_PE0520,0.27333452015231
GenotypeDH_KE0439,0.274215762052115
GenotypeDH_KE0080,0.276767750392039
GenotypeDH_PE0011,0.280743540547085
GenotypeDH_PE0472,0.281278477293841
GenotypeDH_KE0234,0.282015040317588
GenotypeDH_PE0359,0.288968257798078
GenotypeDH_PE0110,0.289589081964828
GenotypeDH_PE0099,0.290631053515829
GenotypeDH_PE0348,0.291145128020916
GenotypeDH_PE0546,0.291212077584427
GenotypeDH_PE0008,0.291350580543432
GenotypeDH_KE0508,0.293086296170856
GenotypeDH_KE0563,0.294630844245854
GenotypeDH_LL0090,0.297452451196388
GenotypeDH_KE0225:Index,0.297485591710294
GenotypeDH_PE0448,0.298130068189873
GenotypeDH_KE0193,0.298416398616198
GenotypeDH_KE0514,0.298879120497215
GenotypeDH_PE0031,0.299567188875119
GenotypeDH_KE0053,0.301992267322937
GenotypeDH_PE0514,0.304910588467578
GenotypeDH_PE0650,0.306559280621056
GenotypeDH_PE0006,0.306710754413546
GenotypeDH_KE0486,0.308052899029815
GenotypeDH_PE0308:Index,0.308812552121643
GenotypeDH_KE0473,0.309188531411938
GenotypeDH_LL0043:Index,0.309633026691526
GenotypeDH_PE0039,0.309683728155825
GenotypeDH_PE0651,0.310134711160131
GenotypeDH_KE0187,0.310433259668262
GenotypeDH_KE0024,0.310835110688619
GenotypeDH_PE0161,0.31097280666207
GenotypeDH_KE0094,0.311801089072988
GenotypeDH_PE0345,0.314003744200262
GenotypeDH_PE0053,0.314154984877152
GenotypeDH_KE0108,0.31502548933764
GenotypeDH_KE0159,0.317222348011471
GenotypeDH_KE0610,0.320403772972531
GenotypeDH_KE0283,0.322826469030205
GenotypeDH_KE0045,0.323089144526984
GenotypeDH_KE0541,0.325282627805825
GenotypeDH_PE0214,0.325442933541664
GenotypeDH_PE0090,0.325539659103413
GenotypeDH_PE0400,0.325879667502305
GenotypeDH_KE0402,0.326626682968961
GenotypeDH_PE0005,0.326844393599223
GenotypeDH_KE0122:Index,0.327844719527049
GenotypeDH_KE0656,0.331288473504589
GenotypeDH_KE0633,0.331673141915576
GenotypeDH_KE0037,0.335900458194615
GenotypeDH_KE0432,0.336678925542134
GenotypeDH_KE0407,0.338664056603343
GenotypeDH_PE0208,0.340734154467654
GenotypeDH_KE0047,0.341390982584431
GenotypeDH_KE0070:Index,0.341527363705019
GenotypeDH_KE0183,0.341761199576669
GenotypeDH_KE0152,0.342591928255332
GenotypeDH_KE0243:Index,0.343218214313135
GenotypeDH_PE0030,0.343676561750442
GenotypeDH_PE0447,0.345825429196056
GenotypeDH_KE0530,0.349060200551349
GenotypeDH_KE0472,0.349908120381591
GenotypeDH_PE0290,0.350767958468916
GenotypeDH_PE0518,0.351297511369928
GenotypeDH_KE0039,0.351864721687829
GenotypeDH_PE0265,0.352875332203432
GenotypeDH_PE0361,0.353696599773901
GenotypeDH_PE0018,0.354338266990074
GenotypeDH_PE0236,0.354370668598784
GenotypeDH_PE0075,0.355657905324307
GenotypeDH_PE0069,0.355684024394022
GenotypeDH_PE0286,0.355940199005606
GenotypeDH_PE0101,0.358049699913724
GenotypeDH_KE0219,0.35852006500264
GenotypeDH_KE0576,0.358761097447546
GenotypeDH_PE0343:Index,0.360889777728222
GenotypeDH_KE0574,0.364642302751904
GenotypeDH_KE0149,0.364767048806827
GenotypeDH_PE0076,0.369267334743537
GenotypeDH_PE0269,0.370623263514912
GenotypeDH_PE0463,0.370729211701102
GenotypeDH_KE0349,0.371095911677636
GenotypeDH_PE0228,0.371137963120684
GenotypeDH_PE0124:Index,0.371491098102635
GenotypeDH_KE0489,0.376214947036944
GenotypeDH_KE0136,0.379377796110324
GenotypeDH_PE0253,0.380447877563366
GenotypeDH_PE0072,0.381198293791222
GenotypeDH_PE0167,0.382269410841437
GenotypeDH_KE0460:Index,0.382333003116177
GenotypeDH_KE0468,0.383987095211443
GenotypeDH_KE0357,0.385916404794983
GenotypeDH_KE0458,0.386316961085163
GenotypeDH_KE0497,0.387100904003884
GenotypeDH_KE0617,0.387655358380968
GenotypeEP1,0.388011036835427
GenotypeDH_KE0242,0.389448813942793
GenotypeDH_PE0434,0.390413232828124
GenotypeDH_PE0016,0.391125487203492
GenotypeDH_PE0426,0.391730387650949
GenotypeDH_PE0509,0.398823261519703
GenotypeDH_KE0443,0.401057651261502
GenotypeDH_KE0504:Index,0.402929432518487
GenotypeDH_KE0247,0.404980258205639
GenotypeDH_PE0078,0.406991281173021
GenotypeDH_KE0642:Index,0.407645033338374
GenotypeDH_PE0453,0.410235372650465
GenotypeDH_LL0043,0.41171483553979
GenotypeDH_PE0424,0.412097342723616
GenotypeDK105,0.414133527918379
GenotypeDH_PE0311,0.41481880010722
GenotypeDH_PE0410,0.415980205873636
GenotypeDH_KE0161,0.416055787438791
GenotypeDH_KE0278,0.418182575477737
GenotypeDH_LL0173:Index,0.418787296770602
GenotypeDH_KE0506,0.418873932563802
GenotypeDH_KE0163,0.420710417194279
GenotypeDH_PE0504,0.421611344697325
GenotypeDH_PE0459,0.42385387740945
GenotypeDH_PE0159,0.424723439428574
GenotypeDH_PE0003,0.424985727889044
GenotypeDH_KE0042,0.425165532962594
GenotypeDH_KE0121:Index,0.425485570928247
GenotypeDH_PE0061:Index,0.426819858532022
GenotypeDH_PE0116,0.427595855857366
GenotypeDH_KE0587,0.427695338337669
GenotypeDH_KE0641,0.435347133262918
GenotypeDH_PE0115,0.435532690734417
GenotypeDH_PE0386,0.436028540138795
GenotypeDH_KE0194,0.437982331619769
GenotypeDH_KE0121,0.438824958724219
GenotypeDH_PE0476,0.441091093524397
GenotypeDH_PE0291,0.44335852224205
GenotypeDH_KE0033,0.443943565953017
GenotypeDH_KE0120,0.444612148107796
GenotypeDH_KE0585,0.445089237907736
GenotypeDH_PE0213,0.44682875000263
GenotypeDH_KE0487,0.446858988416354
GenotypeDH_PE0532,0.449567738319553
GenotypeDH_KE0464,0.451208711009913
GenotypeDH_PE0395,0.453945162390003
GenotypeDH_KE0203:Index,0.459242064044513
GenotypeDH_KE0050,0.460109653635626
GenotypeDH_KE0190,0.460616881296389
GenotypeDH_KE0063,0.466541004924026
GenotypeDH_KE0291,0.468614104410106
GenotypeDH_PE0059,0.469675327319838
GenotypeDH_KE0065,0.471325224888418
GenotypeDH_KE0557,0.471962231153248
GenotypeDH_KE0218,0.47331684500363
GenotypeDH_PE0357,0.473423481934892
GenotypeDH_KE0457,0.476602979049996
GenotypeDH_LL0193,0.476895290203164
GenotypeDH_KE0181,0.483787492085154
GenotypeDH_KE0560,0.484388526393308
GenotypeDH_PE0393,0.484917048822405
GenotypeDH_PE0488,0.488264478468188
GenotypeDH_KE0465,0.491741267754747
GenotypeDH_PE0479,0.494058653409695
GenotypeDH_KE0205:Index,0.495664237000554
GenotypeDH_PE0659,0.495907706141958
GenotypeDH_PE0134,0.496243193430743
GenotypeDH_PE0376,0.496580388334826
GenotypeDH_PE0104,0.497120642391405
GenotypeDH_PE0440,0.498595957684395
GenotypeDH_KE0338,0.499690969303809
GenotypeDH_LL0195,0.501308760414951
GenotypeDH_PE0335,0.501354598218288
GenotypeDH_PE0712,0.503912837250975
GenotypeDH_PE0688,0.505179777286411
GenotypeDH_PE0147,0.506013848720258
GenotypeDH_PE0498,0.50606366847895
GenotypeDH_KE0434,0.506107990193312
GenotypeDH_KE0125,0.506965302492038
GenotypeDH_KE0287,0.507939995788099
GenotypeDH_PE0080,0.511340056015994
GenotypeDH_KE0561,0.511966902082061
GenotypeDH_KE0582,0.512270309868237
GenotypeDH_PE0095,0.51291070297851
GenotypeDH_KE0692,0.513418708586703
GenotypeDH_KE0222,0.515350531679833
GenotypeDH_PE0297,0.516814335908343
GenotypeDH_KE0213,0.518142193548544
GenotypeDH_KE0520,0.521967271119467
GenotypeDH_KE0367,0.522276732347768
GenotypeDH_KE0428,0.52427461623381
GenotypeDH_PE0298,0.524481955328614
GenotypeDH_PE0132,0.524680125549498
GenotypeDH_PE0420,0.526400928944446
GenotypeDH_KE0613,0.526504226577164
GenotypeDH_PE0081,0.526635489669739
GenotypeDH_PE0042,0.527992458345328
GenotypeDH_PE0239,0.528625443178124
GenotypeDH_PE0168,0.531104441519409
GenotypeDH_KE0446,0.5338707519995
GenotypeDH_KE0243,0.534080562079877
GenotypeDH_KE0013,0.534428934944459
GenotypeEC49A,0.534956138013605
GenotypeDH_LL0012,0.536972725279617
GenotypeDH_KE0548,0.540338266559703
GenotypeDH_KE0308,0.545150972254924
GenotypeDH_KE0654,0.546707096674415
GenotypeDH_KE0721,0.550928594099172
GenotypeDH_PE0266,0.553159737769268
GenotypeDH_KE0089,0.555407252100718
GenotypeDH_PE0164,0.555705570998004
GenotypeDH_LL0251,0.559377662912975
GenotypeDH_KE0091,0.560750522906189
GenotypeDH_PE0096,0.561833864754201
GenotypeDH_PE0482,0.562228222129334
GenotypeDH_KE0669,0.563238803043044
GenotypeDH_KE0263,0.563525244344696
GenotypeDH_KE0304,0.564082662868396
GenotypeDH_KE0253,0.56512627165084
GenotypeDH_KE0178,0.56514730913599
GenotypeDH_PE0276,0.565166572928159
GenotypeDH_KE0126,0.565873045992479
GenotypeDH_KE0048,0.574304980568677
GenotypeDH_PE0388,0.575703622911305
GenotypeDH_PE0231,0.576515604797532
GenotypeDH_PE0588,0.576901417662069
GenotypeDH_KE0375,0.577269062796635
GenotypeDH_PE0446,0.577575306409748
GenotypeDH_PE0341,0.580924200450884
GenotypeDH_PE0389,0.581096618138624
GenotypeDH_PE0156,0.584555644300728
GenotypeDH_PE0688:Index,0.584890388622923
GenotypeDH_KE0314,0.585949707643372
GenotypeDH_KE0699,0.586451855856642
GenotypeDH_KE0678,0.586832694218694
GenotypeDH_PE0428,0.586961177902107
GenotypeDH_KE0105,0.591407910787137
GenotypeDH_PE0299,0.592407818678575
GenotypeDH_KE0484:Index,0.594481602520072
GenotypeDH_KE0100,0.597369791940879
GenotypeDH_PE0220,0.599004268228493
GenotypeDH_KE0002,0.60002199776253
GenotypeDH_KE0379,0.600352998898453
GenotypeDH_KE0448,0.604467586325223
GenotypeDH_KE0209,0.60498144080403
GenotypeDH_KE0547,0.608777325149303
GenotypeDH_KE0552,0.610952878314256
GenotypeDH_PE0195,0.611843648025655
GenotypeDH_PE0001,0.611931603110562
GenotypeDH_KE0235,0.61732833092756
GenotypeDH_KE0143,0.618069420239374
GenotypeDH_PE0371,0.620109988407198
GenotypeDH_PE0127,0.621766791164975
GenotypeDH_KE0129,0.622845197928417
GenotypeDH_PE0470,0.624022295502316
GenotypeDH_PE0352,0.627928629259398
GenotypeDH_KE0182,0.62804002730784
GenotypeDH_KE0648,0.631614895227353
GenotypeDH_PE0295,0.631876123302844
GenotypeDH_KE0282,0.633152080378726
GenotypeDH_PE0362,0.637921117245492
GenotypeDH_PE0541,0.638266890361743
GenotypeDH_KE0485,0.639821516046207
GenotypeDH_PE0392,0.639907223632954
GenotypeDH_PE0316,0.640029315043019
GenotypeDH_KE0417,0.647974146226181
GenotypeDH_KE0353,0.648382955993638
GenotypeDH_PE0052,0.648924439570833
GenotypeDH_PE0190,0.651333704816528
GenotypeDH_PE0529,0.651902979800273
GenotypeDH_KE0262,0.652044530396172
GenotypeDH_KE0416,0.652590296430965
GenotypeDH_KE0197,0.652597148594871
GenotypeDH_LL0051,0.653622531598493
GenotypeDH_KE0461,0.653919977984608
GenotypeDH_PE0657,0.654843635169971
GenotypeDH_PE0146,0.656021274973094
GenotypeDH_PE0122,0.658850428870331
GenotypeDH_PE0055,0.660471973815033
GenotypeDH_KE0204,0.661511081392748
GenotypeDH_PE0333,0.665721856096059
GenotypeDH_PE0305,0.665976810454702
GenotypeDH_KE0471,0.667335793404107
GenotypeDH_KE0462,0.668066328624814
GenotypeDH_KE0272,0.668279199938441
GenotypeDH_KE0141,0.668437384508872
GenotypeDH_PE0178,0.669453598243152
GenotypeDH_PE0383,0.671118211380346
GenotypeDH_KE0607,0.671215369670164
GenotypeDH_KE0214,0.672070422519683
GenotypeDH_KE0469,0.672676913643652
GenotypeDH_KE0112,0.67375900311195
GenotypeDH_PE0212,0.674643042230598
GenotypeDH_KE0031,0.675047047793918
GenotypeDH_KE0017,0.677069007103541
GenotypeDH_KE0294,0.679157023242445
GenotypeDH_PE0378,0.682888246788072
GenotypeDH_KE0210,0.684190912711721
GenotypeDH_KE0122,0.684942290126798
GenotypeDH_KE0241,0.685110509542378
GenotypeDH_KE0127,0.686996084659533
GenotypeDH_KE0742,0.687694141857158
GenotypeDH_KE0173,0.688184639453903
GenotypeDH_KE0203,0.68903839093465
GenotypeDH_PE0277,0.690063621297027
GenotypeDH_PE0124,0.691362489972449
GenotypeDH_KE0099,0.692211654121056
GenotypeDH_KE0248,0.692805299620486
GenotypeDH_PE0012,0.695976372726304
GenotypeDH_PE0414,0.696402600802281
GenotypeDH_KE0385,0.697748793884833
GenotypeDH_PE0507,0.698741402283879
GenotypeDH_PE0556,0.700442563002107
GenotypeDH_KE0084,0.701427506177881
GenotypeDH_KE0494,0.701542205314258
GenotypeDH_KE0289,0.704616037556004
GenotypeDH_KE0507,0.709966315500115
GenotypeDH_KE0088,0.712050313393299
GenotypeDH_PE0284,0.714536908974168
GenotypeDH_PE0109,0.714818146278598
GenotypeDH_PE0141,0.719359995981128
GenotypeDH_KE0424,0.719395417868559
GenotypeDH_PE0087,0.719681537729586
GenotypeDH_KE0471:Index,0.720970048594082
GenotypeDH_KE0715,0.721897028514152
GenotypeDH_PE0320,0.722056278554164
GenotypeDH_PE0010,0.723462814479064
GenotypeDH_PE0444,0.725023608571237
GenotypeDH_KE0498,0.726770756039468
GenotypeDH_PE0245,0.72816287097895
GenotypeDH_PE0129,0.72985826557036
GenotypeDH_KE0580,0.731173409887904
GenotypeDH_PE0202,0.731745155869417
GenotypeDH_KE0074,0.731750421954291
GenotypeDH_PE0033,0.732805002128318
GenotypeDH_PE0334,0.733438430673464
GenotypeDH_PE0050,0.734988689959687
GenotypeDH_PE0063,0.736785043021197
GenotypeDH_PE0091,0.73912357770727
GenotypeDH_KE0631,0.739410740771406
GenotypeDH_KE0231,0.742911054431065
GenotypeDH_KE0157,0.745917626998175
GenotypeDH_PE0191,0.746289479151077
GenotypeDH_PE0271,0.748091009879968
GenotypeDH_PE0073,0.749419804065105
GenotypeDH_KE0292,0.754399851837971
GenotypeDH_PE0223,0.754498393616669
GenotypeDH_KE0801:Index,0.75568377849845
GenotypeDH_KE0245,0.756352763302816
GenotypeDH_PE0015,0.758936294713908
GenotypeDH_LL0141,0.759772419359531
GenotypeDH_KE0079,0.762052771846295
GenotypeDH_KE0090,0.763396812132612
GenotypeDH_KE0621,0.765319109521927
GenotypeDH_KE0071:Index,0.765801241054243
GenotypeDH_KE0438,0.766498998282744
GenotypeDH_PE0342,0.767688305739543
GenotypeDH_LL0199,0.775969212368301
GenotypeDH_KE0707,0.777046298436276
GenotypeDH_PE0152,0.777096454819714
GenotypeDH_KE0020,0.777142910009389
GenotypeDH_PE0460,0.778098521365333
GenotypeDH_KE0501,0.779025102084919
GenotypeDH_PE0027,0.781892049401836
GenotypeDH_LL0220,0.781903055470089
GenotypeDH_KE0202,0.783533527418703
GenotypeDH_KE0571,0.785123346421719
GenotypeDH_KE0567,0.790009450655868
GenotypeDH_PE0022,0.791769276581524
GenotypeDH_KE0246,0.793045210935516
GenotypeDH_PE0347,0.79366409705227
GenotypeDH_KE0140,0.795129666574234
GenotypeDH_PE0275,0.795833874720888
GenotypeDH_KE0422,0.797963305548567
GenotypeDH_PE0071,0.799259528342845
GenotypeDH_KE0414,0.799745425367418
GenotypeDH_PE0473,0.801889092489556
GenotypeDH_KE0035,0.802680189056805
GenotypeDH_KE0627,0.806364931493596
GenotypeDH_KE0663,0.808101448936876
GenotypeDH_PE0131,0.81224139954731
GenotypeDH_PE0508,0.814994477479667
GenotypeDH_KE0556,0.82122525129005
GenotypeDH_KE0036,0.822115200842552
GenotypeDH_KE0191,0.822865828686396
GenotypeDH_PE0183,0.823418113659847
GenotypeDH_PE0374,0.82491248958238
GenotypeDH_PE0224,0.825476142206022
GenotypeDH_PE0136,0.825816823617904
GenotypeDH_KE0664,0.826747063074421
GenotypeDH_PE0035,0.827955548997474
GenotypeDH_KE0265,0.832510473965076
GenotypeDH_KE0004,0.834329102639853
GenotypeDH_PE0013,0.835498411173265
GenotypeDH_KE0254,0.836600271502071
GenotypeDH_PE0285,0.841463670980731
GenotypeDH_PE0385,0.843786885168702
GenotypeDH_KE0046,0.84532811249961
GenotypeDH_PE0513,0.846712947888176
GenotypeDH_KE0180,0.847383063907694
GenotypeDH_PE0121,0.847405130002905
GenotypeDH_KE0081,0.84986035783236
GenotypeDH_KE0521,0.851903335545109
GenotypeDH_KE0162,0.853561857974036
GenotypeDH_PE0068,0.853928678243521
GenotypeDH_PE0154,0.856849575353021
GenotypeDH_PE0256,0.865969012322656
GenotypeDH_PE0070,0.867350503915429
GenotypeDH_LL0092,0.867872271950075
GenotypeDH_KE0652,0.868615317470467
GenotypeDH_KE0492,0.8689256892602
GenotypeDH_PE0138,0.873125991315611
GenotypeDH_KE0466,0.875009119676598
GenotypeDH_KE0200,0.878103479217306
GenotypeDH_KE0343,0.878258778260464
GenotypeDH_KE0603,0.880309332659138
GenotypeDH_PE0034,0.880860377776391
GenotypeDH_KE0425,0.882330504453244
GenotypeDH_KE0657,0.882917216495337
GenotypeDH_PE0387,0.888012377320072
GenotypeDH_PE0125,0.890907960705199
GenotypeDH_KE0075,0.89162186942691
GenotypeDH_PE0106,0.899093007965292
GenotypeDH_KE0590,0.90067814751655
GenotypeDH_LL0006,0.902157200987882
GenotypeDH_KE0734,0.902939621161886
GenotypeDH_KE0333,0.906688606915572
GenotypeDH_KE0103,0.906921015701573
GenotypeDH_KE0337,0.910191927963596
GenotypeDH_KE0138,0.912476335047027
GenotypeDH_KE0165,0.913830622026738
GenotypeDH_PE0543,0.917136787214574
GenotypeDH_KE0452,0.920005210950786
GenotypeDH_KE0018,0.921956247353344
GenotypeDH_KE0630,0.927046111740543
GenotypeDH_KE0578,0.928468764618942
GenotypeDH_KE0132,0.929780999149362
GenotypeDH_KE0101,0.932249236137683
GenotypeDH_KE0215,0.932704510760206
GenotypeDH_PE0330,0.934149536526095
GenotypeDH_PE0598,0.934768989886772
GenotypeDH_PE0192,0.93701384791038
GenotypeDH_KE0504,0.943589289629847
GenotypeDH_KE0166,0.944115740368479
GenotypeDH_KE0104,0.944931972982974
GenotypeDH_KE0480,0.946442106295232
GenotypeDH_PE0067,0.947017537783937
GenotypeDH_PE0157,0.948867928508485
GenotypeDH_PE0282,0.953063639723353
GenotypeDH_PE0526,0.956248364029232
GenotypeDH_KE0442,0.957241027807435
GenotypeDH_PE0240,0.958546385328959
GenotypeDH_KE0670,0.962354258768195
GenotypeDH_KE0549,0.96348726804799
GenotypeDH_KE0577,0.967082510149107
GenotypeDH_KE0062,0.969476769007861
GenotypeDH_PE0193,0.971617959851865
GenotypeDH_PE0174,0.971742708647492
GenotypeDH_KE0006,0.974956768159032
GenotypeDH_KE0118,0.975458258899187
GenotypeDH_PE0048,0.978063852878647
GenotypeDH_KE0538,0.979494944831197
GenotypeDH_KE0250,0.98102462036087
GenotypeDH_KE0083,0.981306614917961
GenotypeDH_PE0274,0.981397077915191
GenotypeDH_LL0050,0.981456174990357
GenotypeDH_KE0011,0.982656582828427
GenotypeDH_KE0014,0.984137733312955
GenotypeDH_KE0078,0.984350778975931
GenotypeDH_KE0450,0.984397161186682
GenotypeDH_KE0430,0.984928077458935
GenotypeDH_KE0436,0.986554965417699
GenotypeDH_PE0349,0.987200189773331
GenotypeDH_PE0280,0.993892084907769
GenotypeDH_KE0553,0.996000125188811
GenotypeDH_PE0123,0.996381203291706
GenotypeDH_KE0139,0.997956810064081
GenotypeDH_KE0171,1.00116982253409
GenotypeDH_KE0070,1.00242617353631
GenotypeDH_KE0054,1.009061079112
GenotypeDH_KE0148,1.01166110781163
GenotypeDH_PE0372,1.0141615684774
GenotypeDH_KE0491,1.02225767239913
GenotypeDH_PE0074,1.02680634681075
GenotypeDH_PE0614,1.02782760003942
GenotypeDH_KE0015,1.0351430697583
GenotypeDH_KE0008,1.03627860915365
GenotypeDH_KE0716,1.04238962578311
GenotypeDH_PE0088,1.04377745512459
GenotypeDH_PE0047,1.05543545458442
GenotypeDH_KE0010,1.05790981976687
GenotypeDH_KE0114,1.05983811213467
GenotypeDH_PE0102,1.06198935461407
GenotypeDH_KE0675,1.06486743985029
GenotypeDH_KE0007,1.06944208298815
GenotypeDH_KE0459,1.07484926073052
GenotypeDH_KE0421,1.08003116109073
GenotypeDH_KE0153,1.08444755822754
GenotypeDH_PE0226,1.08721989168463
GenotypeDH_KE0325,1.08753987845844
GenotypeDH_KE0569,1.08817640224259
GenotypeDH_KE0026,1.08977647758614
GenotypeDH_PE0092,1.09285783949109
GenotypeDH_PE0417,1.09448079565933
GenotypeDH_PE0268,1.09838839403198
GenotypeDH_KE0441,1.10434949426451
GenotypeDH_KE0331,1.10462259185973
GenotypeDH_PE0028,1.10518861546976
GenotypeDH_KE0426,1.10523316089796
GenotypeDH_KE0151,1.11211641137639
GenotypeDH_PE0218,1.12406773083912
GenotypeDH_PE0524,1.1250113469058
GenotypeDH_PE0114,1.12543874606855
GenotypeDH_KE0296,1.12576412097516
GenotypeDH_KE0589,1.12873155589276
GenotypeDH_PE0021,1.13746012994404
GenotypeDH_PE0230,1.13961156784551
GenotypeDH_KE0604,1.14607723935992
GenotypeDH_PE0219,1.14674606246227
GenotypeDH_KE0049,1.14807438411934
GenotypeDH_PE0020,1.14842168466485
GenotypeDH_PE0540,1.15296865490034
GenotypeDH_PE0251,1.15471589678053
GenotypeDH_PE0416,1.15984236375951
GenotypeDH_KE0444,1.16366138145759
GenotypeDH_PE0128,1.16509711255677
GenotypeDH_PE0469,1.17124186822976
GenotypeDH_PE0404,1.17884214253506
GenotypeDH_KE0055,1.18006744474848
GenotypeDH_KE0431,1.18712555522835
GenotypeDH_KE0730,1.18782179437539
GenotypeDH_PE0085,1.19425470516402
GenotypeDH_KE0346,1.20168605419129
GenotypeDH_KE0370,1.20853392061421
GenotypeDH_PE0199,1.21109786000644
GenotypeDH_PE0593,1.21285684269906
GenotypeDH_KE0170,1.22032044857504
GenotypeDH_PE0278,1.22128641080016
GenotypeDH_KE0511,1.22582565866573
GenotypeDH_KE0311,1.23112251243697
GenotypeDH_KE0189,1.23936703797636
GenotypeDH_KE0116,1.24790692040687
GenotypeDH_KE0106,1.24872695149988
GenotypeDH_PE0098,1.25126654194656
GenotypeDH_LL0135,1.25617739056222
GenotypeDH_KE0211,1.26166999289055
GenotypeDH_KE0616,1.26518457263185
GenotypeDH_KE0142,1.2656934002304
GenotypeDH_KE0134,1.28253993134902
GenotypeDH_KE0572,1.28338914029452
GenotypeDH_KE0277,1.28623619214575
GenotypeDH_KE0363,1.29695563772553
GenotypeDH_KE0467,1.29910983193712
GenotypeDH_KE0221,1.32080055117931
GenotypeDH_KE0267,1.32492029000029
GenotypeDH_KE0038,1.33425162359525
GenotypeDH_PE0173,1.33622470233871
GenotypeDH_PE0032,1.33827707773422
GenotypeDH_KE0160,1.33993330537452
GenotypeDH_KE0418,1.34289535471817
GenotypeDH_KE0225,1.34521362409771
GenotypeDH_KE0135,1.347879889694
GenotypeDH_KE0398,1.35165784273414
GenotypeDH_KE0608,1.35452976895286
GenotypeDH_KE0445,1.36812443513348
GenotypeDH_KE0680,1.36932554401308
GenotypeDH_LL0173,1.37460132396926
GenotypeDH_KE0601,1.38048033947635
GenotypeDH_PE0327,1.38052500413417
GenotypeEP44,1.39059204569333
GenotypeDH_KE0533,1.40558656199289
GenotypeDH_KE0410,1.40789756367255
GenotypeDH_PE0464,1.42845087818972
GenotypeDH_PE0375,1.43745484172415
GenotypeDH_KE0274,1.43754478202261
GenotypeDH_KE0523,1.4411395282945
GenotypeDH_PE0421,1.455670967054
GenotypeDH_KE0640,1.45779015818342
GenotypeDH_PE0237,1.46509131560649
GenotypeDH_KE0551,1.46559546242213
GenotypeDH_KE0455,1.46755514070623
GenotypeDH_KE0123,1.4759156986553
GenotypeDH_PE0303,1.47797171076973
GenotypeDH_KE0440,1.48370458528395
GenotypeDH_KE0066,1.48493222568078
GenotypeDH_PE0150,1.48776735072393
GenotypeDH_KE0097,1.48812077470949
GenotypeDH_KE0543,1.48922762953726
GenotypeDH_KE0025,1.5015431211801
GenotypeDH_PE0225,1.50192454683505
GenotypeDH_PE0310,1.51312602953101
GenotypeDH_KE0564,1.51760867386183
GenotypeDH_KE0517,1.5229502903045
GenotypeDH_KE0196,1.52385589514652
GenotypeDH_KE0378,1.52423668194128
GenotypeDH_PE0044,1.52828902968401
GenotypeDH_PE0552,1.57649928813917
GenotypeDH_PE0176,1.59395276132621
GenotypeDH_KE0298,1.60027949874967
GenotypeDH_KE0396,1.60086507370511
GenotypeDH_PE0477,1.63142485270336
GenotypeDH_PE0158,1.63295028078556
GenotypeDH_PE0061,1.64184758857876
GenotypeDH_PE0626,1.65785703558692
GenotypeDH_KE0412,1.66028330161201
GenotypeDH_PE0294,1.67844935996371
GenotypeDH_PE0049,1.71905494148276
GenotypeDH_PE0339,1.74041863014161
GenotypeDH_PE0534,1.75423171230788
GenotypeDH_PE0574,1.7608641203462
GenotypeDH_KE0532,1.79095799794071
GenotypeDH_KE0146,1.80612756777644
GenotypeDH_KE0544,1.80851522923846
GenotypeDH_KE0124,1.85391634956421
GenotypeDH_KE0566,1.86033919480597
GenotypeDH_KE0484,1.93341730726635
GenotypeDH_KE0801,2.19965067941435
GenotypeDH_KE0395,2.60246741995904
GenotypeF64,2.63565301723263
GenotypeDH_PE0430:Index,3.28540308563707
GenotypeDH_KE0013:Index,3.65051894927323
